"","CS_number","latitude","longitude"
"1","CS76347",31.48,-7.45
"2","CS76350",46.6297,10.817
"3","CS76351",46.2543,11.167
"4","CS76352",46.36,11.23
"5","CS76353",46.3716,11.2376
"6","CS76354",46.366,11.2832
"7","CS76355",46.3378,11.2928
"8","CS76356",46.3378,11.2928
"9","CS76357",46.513,11.331
"10","CS76358",46.513,11.331
"11","CS76359",41.62,12.87
"12","CS76360",41.62,12.87
"13","CS76361",40.28,15.65
"14","CS76362",38.62,16.17
"15","CS76364",38.38,16.22
"16","CS76365",38.36,16.23
"17","CS76366",38.76,16.24
"18","CS76367",39.18,16.26
"19","CS76368",39.01,16.47
"20","CS76369",44.84,20.16
"21","CS76370",44.34,21.46
"22","CS76372",41.59,25.2
"23","CS76373",44.46,25.74
"24","CS76374",53.33,49.48
"25","CS76375",53.33,49.48
"26","CS76376",51.31,57.56
"27","CS76377",54.09,60.46
"28","CS76378",54.06,60.48
"29","CS76379",41.45,70.05
"30","CS76380",41.45,70.05
"31","CS76381",41.45,70.05
"32","CS76382",37.29,71.3
"33","CS76383",51.33,82.19
"34","CS76384",51.32,82.55
"35","CS76385",51.3333,82.5667
"36","CS76387",38.6536,48.7992
"37","CS76388",38.7406,48.6131
"38","CS76389",38.9786,48.5594
"39","CS76390",41.8296,46.2831
"40","CS76391",41.2381,46.3728
"41","CS76392",41.7942,43.4767
"42","CS76394",39.8692,45.3622
"43","CS76395",44.6419,34.3814
"44","CS76398",38.6425,42.2394
"45","CS76400",48.43,8.82
"46","CS76402",48.52,8.8
"47","CS76403",48.53,9.06
"48","CS76404",48.14,9.4
"49","CS76405",48.53,9.04
"50","CS76406",48.56,9.16
"51","CS76407",48.52,9.05
"52","CS76409",41.32,-1.34
"53","CS76410",39.73,-5.74
"54","CS76411",36.83,-6.36
"55","CS76412",40.92,-8.54
"56","CS76413",41.8,-3.11
"57","CS76414",38.92,-6.34
"58","CS76415",40.74,-3.9
"59","CS76416",41.05,-3.54
"60","CS76417",42.69,-6.93
"61","CS76418",42.63,0.76
"62","CS76419",41.43,23.65
"63","CS76420",46.11,21.95
"64","CS76423",40.57,15.32
"65","CS76424",39.27,16.27
"66","CS76425",40.18,16.45
"67","CS76428",50.9167,9.57073
"68","CS76429",57.1539,-2.2207
"69","CS76430",45,1.3
"70","CS76431",48.0683,7.62551
"71","CS76432",54.8,-2.4333
"72","CS76433",47.75,88.4
"73","CS76434",53.448,5.73
"74","CS76435",51.2167,4.4
"75","CS76436",50.3,5.3
"76","CS76437",51.85,6.4333
"77","CS76439",37.47,49.47
"78","CS76440",51.8333,5.5833
"79","CS76441",56.5459,-4.79821
"80","CS76442",51.3333,6.1
"81","CS76444",49.5166,9.3166
"82","CS76445",52.4584,13.287
"83","CS76447",52,5.675
"84","CS76449",33.92,35.7
"85","CS76450",44.5041,11.3396
"86","CS76451",41.6833,2.8
"87","CS76452",54.4,-3.2667
"88","CS76453",49.4013,16.2326
"89","CS76454",49.4013,16.2326
"90","CS76455",49.2,16.6166
"91","CS76457",50.0167,8.6667
"92","CS76459",50.2981,8.26607
"93","CS76460",53.2699,-1.64293
"94","CS76462",42,12.1
"95","CS76463",48.0717,1.33867
"96","CS76464",53.7502,34.7361
"97","CS76467",51.3,1.1
"98","CS76469",49.416,2.823
"99","CS76471",50.3058,8.32213
"100","CS76472",47.3239,5.04278
"101","CS76473",42.5833,73.6333
"102","CS76474",50.7224,8.2372
"103","CS76476",49.4167,16.2667
"104","CS76477",54.7761,-1.5733
"105","CS76478",50.3,6.3
"106","CS76479",51.5105,9.68253
"107","CS76484",60.1997,24.5682
"108","CS76485",58.6656,24.9871
"109","CS76486",44.6447,2.56481
"110","CS76487",37.69,14.98
"111","CS76488",50.5,8.0167
"112","CS76489",50.1102,8.6822
"113","CS76492",51.0167,5.86667
"114","CS76493",50.584,8.67825
"115","CS76497",43.178,-85.2532
"116","CS76500",52.3721,9.73569
"117","CS76512",54.4175,9.88682
"118","CS76513",51.3472,8.28844
"119","CS76514",51.4083,-0.6383
"120","CS76515",52.24,9.44
"121","CS76518",50.927,11.587
"122","CS76519",49.2,16.6166
"123","CS76522",42.3,74.3667
"124","CS76524",50.1797,8.50861
"125","CS76525",50.0667,8.5333
"126","CS76526",55.6395,-5.66364
"127","CS76527",44.46,-85.37
"128","CS76528",50.95,6.9666
"129","CS76532",38.48,68.49
"130","CS76534",49.631,11.5722
"131","CS76535",35.0085,135.752
"132","CS76537",49.5,73.1
"133","CS76538",52.7333,15.2333
"134","CS76539",55.6739,-3.78181
"135","CS76540",52.1611,4.49015
"136","CS76541",50.3833,8.0666
"137","CS76546",49.38,16.81
"138","CS76549",51.9183,10.1138
"139","CS76551",44,12.37
"140","CS76552",50.001,8.26664
"141","CS76555",55.7522,37.6322
"142","CS76556",41.3923,-70.6652
"143","CS76557",50.3,8.3
"144","CS76560",37.35,72.4667
"145","CS76562",52.24,4.45
"146","CS76563",52.6969,10.981
"147","CS76566",50.2,8.5833
"148","CS76567",53.1667,8.2
"149","CS76568",50.3827,8.01161
"150","CS76569",53.3422,8.42255
"151","CS76571",58,56.3167
"152","CS76572",47.04,10.51
"153","CS76575",42.0945,-86.3253
"154","CS76576",49.2655,-123.206
"155","CS76579",49.42,16.36
"156","CS76580",49.42,16.36
"157","CS76581",34.1,35.84
"158","CS76582",46,3.3
"159","CS76583",54.3512,-3.41697
"160","CS76590",42,12.1
"161","CS76591",49.4424,1.09849
"162","CS76592",41.5609,-86.4251
"163","CS76593",41.5609,-86.4251
"164","CS76594",49,38.28
"165","CS76597",38.3333,-3.53333
"166","CS76598",47,-122.2
"167","CS76599",46.5438,11.5614
"168","CS76601",50.8738,8.02341
"169","CS76603",52.5339,13.181
"170","CS76604",51.4083,-0.6383
"171","CS76606",53.6473,-3.00733
"172","CS76607",42.1833,73.4
"173","CS76609",47.2413,-122.459
"174","CS76611",52.08,4.3
"175","CS76612",56.5,14.9
"176","CS76614",41.6639,-83.5553
"177","CS76616",47.0748,9.9042
"178","CS76618",43.2708,-85.2563
"179","CS76620",48.0333,7.7667
"180","CS76621",48.3,14.45
"181","CS76622",52.0918,5.1145
"182","CS76623",49.2655,-123.206
"183","CS76624",52.0333,5.55
"184","CS76625",54.9902,-2.3671
"185","CS76627",52.6,10.0667
"186","CS76628",47.25,8.26
"187","CS76629",42.26,74.16
"188","CS76630",47.9299,10.8134
"189","CS76633",37.45,-119.35
"190","CS76634",42.8,76.35
"191","CS76635",49.3853,16.2544
"192","CS76640",55.8877,-3.21072
"193","CS76642",39.84,-6.6
"194","CS76643",62.8622,18.336
"195","CS76644",62.8622,18.336
"196","CS76645",51.41,59.98
"197","CS76646",38.77,-4.07
"198","CS76647",39.15,-4.54
"199","CS76648",39.126899,16.170188
"200","CS76649",31.48,-7.45
"201","CS76650",39.72,-6.89
"202","CS76651",55.3833,14.05
"203","CS76652",55.3833,14.05
"204","CS76653",55.3833,14.05
"205","CS76654",55.3833,14.05
"206","CS76656",56.7,16.5167
"207","CS76659",42.19,-7.8
"208","CS76660",39.88,-0.36
"209","CS76662",40.11,-7.47
"210","CS76663",48.59,9.22
"211","CS76664",42.35,-3.03
"212","CS76665",59.5667,16.8667
"213","CS76667",56.3333,15.9667
"214","CS76668",56.3333,15.9667
"215","CS76669",56.3333,15.9667
"216","CS76670",41.7,-3.68
"217","CS76671",41,-4.71
"218","CS76672",47.16,4.28
"219","CS76673",44.05,3.69
"220","CS76674",41.81,2.49
"221","CS76675",40.52,-4.02
"222","CS76676",56.4,12.9
"223","CS76677",56.4,12.9
"224","CS76678",56.4,12.9
"225","CS76679",48.41,8.84
"226","CS76680",48.41,8.84
"227","CS76681",43.34,-5.84
"228","CS76682",48.5,8.78
"229","CS76685",41.7942,43.4767
"230","CS76687",55.36,61.41
"231","CS76688",62.8698,18.381
"232","CS76689",41.43,2.13
"233","CS76690",40.37,16.77
"234","CS76691",51.84,79.48
"235","CS76692",51.82,79.48
"236","CS76693",51.84,79.46
"237","CS76694",50.6,2.93
"238","CS76695",36.52,-5.27
"239","CS76696",48.47,18.94
"240","CS76697",48.47,18.94
"241","CS76699",48.47,18.94
"242","CS76700",38.37,-2.66
"243","CS76701",48.41,8.79
"244","CS76702",42.91,-4.91
"245","CS76703",44.12,3.77
"246","CS76706",48.4,8.77
"247","CS76707",52.52,85.27
"248","CS76709",63.324,18.484
"249","CS76710",63.324,18.484
"250","CS76711",42.49,0.54
"251","CS76712",39.48,16.28
"252","CS76713",39.13,16.17
"253","CS76714",40.4,-3.88
"254","CS76715",62.8794,18.4473
"255","CS76717",42.49,-6.71
"256","CS76718",49.403,16.232
"257","CS76719",42.78,0.69
"258","CS76720",57.7133,15.0689
"259","CS76721",42.5,-6.15
"260","CS76722",45.57,25.42
"261","CS76725",50.68,3.52
"262","CS76727",55.7167,14.1333
"263","CS76728",55.7167,14.1333
"264","CS76729",55.7167,14.1333
"265","CS76730",55.7167,14.1333
"266","CS76733",41.3599,-122.755
"267","CS76734",53.08,-9.07555556
"268","CS76736",36.97,-3.28
"269","CS76738",41.54,2.39
"270","CS76739",40.37,-5.74
"271","CS76740",29.2144,-13.4811
"272","CS76741",36.97,-3.36
"273","CS76742",38.25,-4.32
"274","CS76743",38.54,-3.39
"275","CS76744",46.3378,11.2928
"276","CS76745",46.3378,11.2928
"277","CS76746",46.3378,11.2928
"278","CS76747",46.3378,11.2928
"279","CS76748",46.3378,11.2928
"280","CS76749",46.3378,11.2928
"281","CS76750",46.3378,11.2928
"282","CS76751",46.3378,11.2928
"283","CS76752",46.3378,11.2928
"284","CS76754",46.3378,11.2928
"285","CS76755",46.3378,11.2928
"286","CS76756",46.3378,11.2928
"287","CS76757",46.3378,11.2928
"288","CS76758",46.3378,11.2928
"289","CS76759",40.54,-3.69
"290","CS76760",50.79,2.69
"291","CS76761",41.21,-4.54
"292","CS76762",42.23,-4.64
"293","CS76763",41.15,-4.32
"294","CS76764",40.38,-4.21
"295","CS76765",42.3634,-71.1445
"296","CS76767",53.6,79.37
"297","CS76768",40.51,-3.9
"298","CS76769",41.5,23.33
"299","CS76770",51.4083,-0.6383
"300","CS76771",39.58,16.21
"301","CS76772",40.61,-6.57
"302","CS76773",46.67,4.55
"303","CS76774",40.05,-4.65
"304","CS76776",42.31,3.19
"305","CS76777",41.25,-1.32
"306","CS76778",38.3,-92.3
"307","CS76779",40.8585,-73.4675
"308","CS76780",37.94,-5.6
"309","CS76784",41.83,-5.38
"310","CS76785",40.44,-4.27
"311","CS76787",38.07,-6.66
"312","CS76789",15.1111,-23.6167
"313","CS76790",47.4,0.683333
"314","CS76791",49.8724,8.65081
"315","CS76792",41.13,-1.43
"316","CS76793",40.29,-6.67
"317","CS76794",41.1876,-87.1923
"318","CS76796",48.54,4.32
"319","CS76797",57.2608,16.3675
"320","CS76798",57.2608,16.3675
"321","CS76802",41.62,23.94
"322","CS76803",42.32,23.1
"323","CS76804",42.32,23.1
"324","CS76805",42.32,23.1
"325","CS76806",63.0167,17.4914
"326","CS76807",41.64,24.18
"327","CS76808",49.4211,16.3497
"328","CS76809",55.76,14.12
"329","CS76810",55.76,14.12
"330","CS76811",55.76,14.12
"331","CS76812",49.4112,16.2815
"332","CS76813",49.4112,16.2815
"333","CS76814",49.4112,16.2815
"334","CS76815",49.4112,16.2815
"335","CS76816",49.4112,16.2815
"336","CS76817",49.4112,16.2815
"337","CS76818",49.4112,16.2815
"338","CS76819",49.4112,16.2815
"339","CS76820",49.4112,16.2815
"340","CS76822",49.4112,16.2815
"341","CS76823",49.4112,16.2815
"342","CS76824",49.1,16.2
"343","CS76826",62.877,18.177
"344","CS76827",62.877,18.177
"345","CS76828",62.877,18.177
"346","CS76829",62.877,18.177
"347","CS76830",62.877,18.177
"348","CS76831",55.9494,-3.16028
"349","CS76832",55.9681,-3.21833
"350","CS76833",62.9147,18.4045
"351","CS76834",62.9,18.4
"352","CS76835",62.9,18.4
"353","CS76836",40.59,-4.15
"354","CS76837",57.6781,14.9986
"355","CS76838",41.81,2.34
"356","CS76840",40.53,-3.92
"357","CS76844",37.6,23.08
"358","CS76845",48.5,8.8
"359","CS76846",42.27,0.19
"360","CS76847",50.72,3.47
"361","CS76848",40.48,-3.96
"362","CS76849",42.31,-3.02
"363","CS76850",63.0165,18.3174
"364","CS76851",63.0165,18.3174
"365","CS76852",63.016,18.3175
"366","CS76853",37.07,22.04
"367","CS76854",43.31,-5.7
"368","CS76855",48.42,8.79
"369","CS76856",48.43,8.79
"370","CS76857",48.43,8.79
"371","CS76858",40.68,14.87
"372","CS76859",56.06,14.29
"373","CS76860",56.06,14.29
"374","CS76861",56.06,14.29
"375","CS76862",56.06,14.29
"376","CS76863",55.7509,13.3712
"377","CS76864",55.7509,13.3712
"378","CS76865",55.7488,13.3742
"379","CS76867",48.57,4.41
"380","CS76868",55.8106,14.2091
"381","CS76869",55.8106,14.2091
"382","CS76870",55.8106,14.2091
"383","CS76871",38.26,-5.42
"384","CS76872",40.79,-4.05
"385","CS76875",46.5,6.08
"386","CS76876",40.1408,44.8203
"387","CS76877",50.59,3.3
"388","CS76878",38.44,16.13
"389","CS76879",40.11,-5.77
"390","CS76880",48.57,9.17
"391","CS76881",48.58,9.18
"392","CS76882",41.57,23.85
"393","CS76883",57.9672,-3.96722
"394","CS76884",51.5338,9.9355
"395","CS76886",36.77,-5.39
"396","CS76887",45.17,18.7
"397","CS76888",41.84,25.75
"398","CS76889",62.6437,17.7339
"399","CS76890",41.71,24.41
"400","CS76891",62.806,18.1896
"401","CS76892",62.806,18.1896
"402","CS76893",62.806,18.1896
"403","CS76894",39.4,-5.33
"404","CS76895",40.65,-4.11
"405","CS76896",56.4606,15.8127
"406","CS76898",48.54,9.02
"407","CS76899",48.54,9.02
"408","CS76900",48.54,9.02
"409","CS76901",48.54,9.01
"410","CS76902",48.54,9.01
"411","CS76903",48.54,9.01
"412","CS76904",48.54,9.01
"413","CS76905",57.3263,15.8979
"414","CS76906",57.3263,15.8979
"415","CS76907",56.5804,16.4063
"416","CS76908",57.5089,15.0105
"417","CS76909",48.47,18.96
"418","CS76910",55.4234,13.9905
"419","CS76913",48.39,8.85
"420","CS76914",48.6,9.2
"421","CS76915",55.675,12.5686
"422","CS76916",48.55,8.99
"423","CS76917",42.86,-0.7
"424","CS76918",57.8765,14.8549
"425","CS76920",39.4,-5.78
"426","CS76924",48.8,17.1
"427","CS76925",48.41,8.85
"428","CS76926",55.7491,13.399
"429","CS76927",55.7491,13.399
"430","CS76928",55.7491,13.399
"431","CS76929",40.82,-1.68
"432","CS76930",41.67,2.62
"433","CS76931",56.1,13.74
"434","CS76932",56.1,13.74
"435","CS76934",56.1,13.74
"436","CS76935",56.1,13.74
"437","CS76936",56.1,13.74
"438","CS76937",56.1,13.74
"439","CS76938",56.1,13.74
"440","CS76940",51.4083,-0.6383
"441","CS76941",49.33,15.76
"442","CS76942",42.96,-6.1
"443","CS76943",42.23,-3.69
"444","CS76944",47.16,27.59
"445","CS76946",43.05,-5.37
"446","CS76947",43.92,3.71
"447","CS76948",47.58,5.33
"448","CS76950",38.9786,48.5594
"449","CS76953",38.9786,48.5594
"450","CS76954",43.7,25.91
"451","CS76955",42.28,-5.92
"452","CS76957",51.35,82.18
"453","CS76958",51.34,82.16
"454","CS76959",56.047,13.9519
"455","CS76960",51.37,59.44
"456","CS76961",51.37,59.44
"457","CS76962",41.62,25.35
"458","CS76963",41.66,25.47
"459","CS76964",55.8,13.1
"460","CS76965",48.53,9.01
"461","CS76966",48.53,9.01
"462","CS76967",51.15,0.4
"463","CS76968",56.0573,14.302
"464","CS76969",54.8969,23.8924
"465","CS76970",55.66,13.4
"466","CS76971",43.54,22.29
"467","CS76972",41.273,-86.625
"468","CS76973",41.2816,-86.621
"469","CS76974",41.37,23.14
"470","CS76977",51.31,82.59
"471","CS76978",51.36,82.59
"472","CS76979",51.32,82.55
"473","CS76980",51.33,82.54
"474","CS76981",57.2746,16.1494
"475","CS76982",57.2746,16.1494
"476","CS76983",41.83,25.69
"477","CS76984",53.06,51.96
"478","CS76986",57.7215,18.3837
"479","CS76987",55.705,13.196
"480","CS76990",48.52,9.11
"481","CS76991",48.51,9.11
"482","CS76992",37.9169,-84.4639
"483","CS76994",49.5,73.1
"484","CS76996",43.33,-5.91
"485","CS76997",43.36,-5.88
"486","CS76998",41.8296,46.2831
"487","CS76999",41.8296,46.2831
"488","CS77000",41.8296,46.2831
"489","CS77001",41.8296,46.2831
"490","CS77002",41.8296,46.2831
"491","CS77003",41.8296,46.2831
"492","CS77004",41.8296,46.2831
"493","CS77005",41.8296,46.2831
"494","CS77006",41.8296,46.2831
"495","CS77007",41.8296,46.2831
"496","CS77008",40.57,-3.89
"497","CS77009",55.9745,14.3997
"498","CS77012",41.58,-4.71
"499","CS77013",48.5167,-4.06667
"500","CS77014",48.5167,-4.06667
"501","CS77015",51.65,80.79
"502","CS77016",51.67,80.82
"503","CS77017",51.63,80.83
"504","CS77018",43.91,4.14
"505","CS77019",40.33,-3.8
"506","CS77020",47.984,10.8719
"507","CS77021",47.984,10.8719
"508","CS77023",38.7406,48.6131
"509","CS77024",38.7406,48.6131
"510","CS77025",38.7833,48.5517
"511","CS77026",38.7833,48.5517
"512","CS77028",38.7833,48.5517
"513","CS77029",38.7833,48.5517
"514","CS77030",41.54,24.98
"515","CS77032",53.04,51.9
"516","CS77033",53.04,51.94
"517","CS77034",53.04,51.96
"518","CS77035",50.3833,8.0666
"519","CS77036",40.7777,-72.9069
"520","CS77038",55.9473,13.821
"521","CS77039",56.1494,15.7884
"522","CS77040",41.8972,-71.4378
"523","CS77042",56.0328,14.775
"524","CS77043",56.0328,14.775
"525","CS77044",56.0328,14.775
"526","CS77047",41.59,2.49
"527","CS77048",56.09,13.9
"528","CS77049",62.801,18.079
"529","CS77050",62.801,18.079
"530","CS77051",40.98,-3.8
"531","CS77052",49.38,16.81
"532","CS77054",40.5,-3.88
"533","CS77055",38.86,-3.16
"534","CS77056",55.71,13.2
"535","CS77057",48.53,9.09
"536","CS77058",48.54,9.09
"537","CS77059",42.24,-2.62
"538","CS77060",55.71,13.2
"539","CS77061",40.72,-3.21
"540","CS77062",40.45,-3.67
"541","CS77064",41.77,25.68
"542","CS77068",39.58,-3.93
"543","CS77069",47.45,3.94
"544","CS77070",47.35,3.93333
"545","CS77071",38.92,16.47
"546","CS77072",40.64,17.31
"547","CS77073",54.13,81.31
"548","CS77074",41.76,2.69
"549","CS77076",41.89,-2.79
"550","CS77077",42.051,-86.509
"551","CS77078",38.45,16.04
"552","CS77079",41.53,23.39
"553","CS77080",41.53,23.39
"554","CS77081",39.66,-4.34
"555","CS77082",41.8266,-86.4366
"556","CS77083",40.94,-3.22
"557","CS77085",46.3668,11.2837
"558","CS77086",46.3668,11.2837
"559","CS77087",46.3668,11.2837
"560","CS77088",46.3668,11.2837
"561","CS77089",46.3668,11.2837
"562","CS77090",46.3668,11.2837
"563","CS77093",46.3718,11.2866
"564","CS77094",46.3718,11.2866
"565","CS77095",46.3718,11.2866
"566","CS77096",43.5251,-86.1843
"567","CS77097",43.5187,-86.1739
"568","CS77098",43.5356,-86.1788
"569","CS77099",43.595,-86.2657
"570","CS77100",43.595,-86.2657
"571","CS77101",43.5139,-86.1859
"572","CS77102",42.46,0.7
"573","CS77103",41.57,-5.64
"574","CS77104",41.78,2.37
"575","CS77105",36.76,-5.28
"576","CS77107",38.06,-4.38
"577","CS77108",40.04,-7.11
"578","CS77109",38.19,-6.24
"579","CS77111",41.91,0.17
"580","CS77113",48.42,8.76
"581","CS77114",40.71,-5.04
"582","CS77117",40.75,-3.99
"583","CS77119",38.9522,48.925
"584","CS77121",38.9522,48.925
"585","CS77122",62.8815,18.4055
"586","CS77124",35,-79.18
"587","CS77125",37.94,-5.45
"588","CS77126",51.4083,-0.6383
"589","CS77127",38.97,16.34
"590","CS77128",51.0581,13.2995
"591","CS77129",40.45,-1.6
"592","CS77130",51.87,80.6
"593","CS77131",51.75,80.82
"594","CS77132",51.77,80.85
"595","CS77133",51.73,80.86
"596","CS77134",44.12,4.33
"597","CS77135",62.9513,18.2763
"598","CS77136",62.9513,18.2763
"599","CS77137",62.9513,18.2763
"600","CS77139",48.45,8.87
"601","CS77140",48.39,8.96
"602","CS77144",37.63,21.62
"603","CS77145",62.9308,18.3448
"604","CS77146",62.9308,18.3448
"605","CS77147",56.1481,15.8155
"606","CS77150",56.4573,16.1308
"607","CS77151",45.84,23.16
"608","CS77152",42.97,-1.23
"609","CS77154",60.25,18.37
"610","CS77155",43.38,-5.87
"611","CS77156",60.385543,6.193019
"612","CS77158",41.34,0.99
"613","CS77159",42.34,1.3
"614","CS77160",42.76,-0.23
"615","CS77161",53.05,52.15
"616","CS77162",53.82,80.31
"617","CS77163",52.99,52.16
"618","CS77164",42.148,-86.431
"619","CS77165",43.02,-5.6
"620","CS77166",42.87,-6.45
"621","CS77167",40.78,-3.62
"622","CS77168",43.7623,-86.3929
"623","CS77169",37.6,-1.12
"624","CS77171",48.54,9.09
"625","CS77172",48.56,9.11
"626","CS77173",43.7703,11.2547
"627","CS77174",48.6103,2.3086
"628","CS77175",42.72,-3.44
"629","CS77176",40.46,-5.32
"630","CS77177",41.18,14.18
"631","CS77178",40.46,-4.26
"632","CS77179",42.1,-2.56
"633","CS77181",48.59,4.24
"634","CS77183",42.0945,-86.3253
"635","CS77184",42.0945,-86.3253
"636","CS77187",41.57,24.84
"637","CS77189",41.14,-3.68
"638","CS77190",42.38,1.73
"639","CS77191",41.3423,-86.7368
"640","CS77192",49.42,16.36
"641","CS77194",56.1633,14.6806
"642","CS77195",56.1633,14.6806
"643","CS77196",40.4,-4.77
"644","CS77197",40.93,-3.31
"645","CS77198",44.65,-1.16667
"646","CS77200",46.69,4.34
"647","CS77202",51.87,80.06
"648","CS77203",51.9,80.06
"649","CS77204",51.84,80.06
"650","CS77206",41.86,2.99
"651","CS77207",39.29,-7.4
"652","CS77208",38.75,-7.59
"653","CS77209",38.6,-2.7
"654","CS77210",48.5,-1.41
"655","CS77211",48.5,-1.41
"656","CS77213",40.86,-4.11
"657","CS77214",55.6942,13.4504
"658","CS77215",55.6942,13.4504
"659","CS77216",42.34,2.17
"660","CS77217",43.16,-5.07
"661","CS77218",42.036,-86.511
"662","CS77219",42.036,-86.511
"663","CS77223",48.56,9.16
"664","CS77224",48.57,9.16
"665","CS77225",48.57,9.16
"666","CS77226",48.91,4.52
"667","CS77229",42.13,-6.7
"668","CS77230",41.93,2.92
"669","CS77231",42.68,-6.96
"670","CS77232",38.33,-3.51
"671","CS77233",56.07,13.74
"672","CS77236",40.84,14.57
"673","CS77237",47.43,5.21
"674","CS77239",42.72,25.33
"675","CS77240",48.6,9.22
"676","CS77242",42.84,-5.12
"677","CS77243",42.59,0.76
"678","CS77244",41.48,-1.63
"679","CS77245",52.1,79.31
"680","CS77246",41.7833,3.03333
"681","CS77247",41.7833,3.03333
"682","CS77248",41.78,2.57
"683","CS77249",41.45,70.05
"684","CS77250",55.5678,14.3398
"685","CS77251",63.0833,18.3667
"686","CS77252",41.42,23.67
"687","CS77254",43.665,-86.496
"688","CS77255",43.665,-86.496
"689","CS77257",40.95,-5.63
"690","CS77258",37.09,-3.38
"691","CS77259",41.14,-3.58
"692","CS77260",55.7097,13.2145
"693","CS77263",57.2545,18.2109
"694","CS77264",57.2545,18.2109
"695","CS77265",57.2545,18.2109
"696","CS77266",51.4083,-0.6383
"697","CS77267",58.9,11.2
"698","CS77268",58.9,11.2
"699","CS77269",44.66,21.37
"700","CS77271",42.49,25.61
"701","CS77272",44.3,21.08
"702","CS77273",44.3,21.08
"703","CS77274",57.8009,18.5162
"704","CS77275",57.8009,18.5162
"705","CS77276",57.8009,18.5162
"706","CS77277",52.6058,11.8558
"707","CS77278",42.03,-86.514
"708","CS77279",48.46,18.9
"709","CS77280",48.46,18.9
"710","CS77281",48.46,18.9
"711","CS77283",41.19,-3.58
"712","CS77284",68.8,15.45
"713","CS77285",56.4666,16.1284
"714","CS77287",43.4,-7.39
"715","CS77288",55.6525,13.2197
"716","CS77289",55.6514,13.2233
"717","CS77290",55.6494,13.2147
"718","CS77291",55.6481,13.2264
"719","CS77292",55.6561,13.2178
"720","CS77293",55.6575,13.2386
"721","CS77294",55.6,13.2
"722","CS77295",55.6,13.2
"723","CS77296",55.7,13.2
"724","CS77297",55.7967,13.1211
"725","CS77298",55.7931,13.1186
"726","CS77299",55.7942,13.1222
"727","CS77300",55.7989,13.1206
"728","CS77301",55.7936,13.1233
"729","CS77302",55.7989,13.1219
"730","CS77303",55.7967,13.1044
"731","CS77304",55.8078,13.1028
"732","CS77305",55.8097,13.1342
"733","CS77306",55.8,13.1367
"734","CS77307",55.7,13.2
"735","CS77308",55.8364,13.3075
"736","CS77309",55.8378,13.3092
"737","CS77310",55.8403,13.3106
"738","CS77311",55.8411,13.3047
"739","CS77313",55.8397,13.2881
"740","CS77315",55.8369,13.3181
"741","CS77316",55.8386,13.3186
"742","CS77317",55.8364,13.2906
"743","CS77318",55.8383,13.2906
"744","CS77319",55.9336,13.5519
"745","CS77320",55.9419,13.5603
"746","CS77321",55.9403,13.5511
"747","CS77322",55.9392,13.5539
"748","CS77323",55.9428,13.5558
"749","CS77324",55.9497,13.5533
"750","CS77325",55.9319,13.5508
"751","CS77326",55.9281,13.5481
"752","CS77327",55.9261,13.5319
"753","CS77328",55.6528,13.2244
"754","CS77329",62.6425,17.7422
"755","CS77330",62.6422,17.7406
"756","CS77331",62.6425,17.7356
"757","CS77332",62.6425,17.7372
"758","CS77333",62.8714,18.3447
"759","CS77335",62.8717,18.3436
"760","CS77336",62.8717,18.3419
"761","CS77337",62.8719,18.3422
"762","CS77338",62.6322,17.69
"763","CS77339",62.6322,17.6906
"764","CS77340",41.03,-3.27
"765","CS77342",42.54,0.84
"766","CS77343",62.8892,18.4522
"767","CS77344",41.5,-1.88
"768","CS77345",55.7683,14.1386
"769","CS77347",55.7708,14.1331
"770","CS77348",55.7719,14.1211
"771","CS77349",55.7717,14.1206
"772","CS77350",55.7714,14.1208
"773","CS77351",55.7686,14.1383
"774","CS77352",55.7689,14.1375
"775","CS77353",55.7692,14.1369
"776","CS77354",55.7694,14.1347
"777","CS77355",55.7706,14.1342
"778","CS77356",55.7708,14.1342
"779","CS77357",41.33,14.09
"780","CS77358",62.8836,18.1842
"781","CS77359",62.8839,18.1836
"782","CS77361",44.69,25.17
"783","CS77362",63.0167,18.3283
"784","CS77363",63.0169,18.3283
"785","CS77364",63.0172,18.3283
"786","CS77365",62.806,18.1896
"787","CS77366",62.806,18.1896
"788","CS77367",62.7989,17.9103
"789","CS77368",62.96,18.2844
"790","CS77370",46.01,22.33
"791","CS77371",42.11,0.6
"792","CS77372",62.9611,18.3589
"793","CS77373",62.9619,18.35
"794","CS77374",62.9619,18.35
"795","CS77375",62.9622,18.35
"796","CS77376",62.9614,18.3608
"797","CS77377",55.7,13.2
"798","CS77378",41.6,-2.83
"799","CS77379",59.4333,17.0167
"800","CS77380",59.4333,17.0167
"801","CS77381",56.27373,13.90045
"802","CS77382",46.6667,4.11667
"803","CS77383",46.6667,4.11667
"804","CS77384",62.9169,18.4728
"805","CS77385",48.86,4.1
"806","CS77386",37.38,-6.01
"807","CS77387",43.37,-5.49
"808","CS77389",34.43,136.31
"809","CS77391",48.52,9.08
"810","CS77392",48.52,9.08
"811","CS77393",48.52,9.05
"812","CS77394",48.53,9.07
"813","CS77395",48.52,9.05
"814","CS77396",48.52,9.05
"815","CS77397",48.52,9.03
"816","CS77398",48.55,9.06
"817","CS77399",57.6511,14.8043
"818","CS77636",55.3833,14.05
"819","CS77643",55.7167,14.1333
"820","CS77651",56.7,16.5167
"821","CS77658",59.5667,16.8667
"822","CS77732",42.166,-86.412
"823","CS77906",55.86,13.51
"824","CS77913",62.6814,18.0165
"825","CS78000",62.877,18.177
"826","CS78009",56.06,14.29
"827","CS78030",55.6942,13.4504
"828","CS78033",56.4666,16.1284
"829","CS78035",55.6525,13.215
"830","CS78039",55.6486,13.2161
"831","CS78040",55.6472,13.2225
"832","CS78045",55.6,13.2
"833","CS78060",55.7,13.2
"834","CS78064",55.8369,13.3033
"835","CS78079",55.9414,13.5542
"836","CS78121",63.0175,18.3281
"837","CS78367",42.093,-86.359
"838","CS78552",56.0648,13.9707
"839","CS78659",57.3263,15.8979
"840","CS78767",55.5796,14.3336
"841","CS78768",55.5796,14.3336
"842","CS78769",55.5796,14.3336
"843","CS78770",55.5796,14.3336
"844","CS78771",55.5796,14.3336
"845","CS78772",55.5796,14.334
"846","CS78774",49.2771,16.6314
"847","CS78775",49.2771,16.6314
"848","CS78776",49.2771,16.6314
"849","CS78777",48.0333,7.7667
"850","CS78778",52.9,-3.1
"851","CS78780",56.7333,-5.98333
"852","CS78781",53.3,-1.6
"853","CS78782",51.3,1.1
"854","CS78783",56.6,-4.1
"855","CS78784",56,-4.4
"856","CS78785",54.6,-2.3
"857","CS78787",54.1,-2.3
"858","CS78789",51,-3.1
"859","CS78790",56.4,-5.2
"860","CS78794",54.6,-3.3
"861","CS78797",54.7,-3.4
"862","CS78798",54.4,-2.9
"863","CS78801",52.2,-1.7
"864","CS78802",51.3,0.4
"865","CS78803",51.2,0.3
"866","CS78804",51.2,0.4
"867","CS78805",51.1,0.6
"868","CS78806",51.3,1.1
"869","CS78807",51.1,0.4
"870","CS78808",50.4,-4.9
"871","CS78809",50.4,-4.9
"872","CS78810",50.4,-4.9
"873","CS78811",50.3,-4.9
"874","CS78812",50.3,-4.8
"875","CS78815",45.95,22.62
"876","CS78816",56.06,13.97
"877","CS78819",56.06,13.97
"878","CS78820",56.0648,13.9707
"879","CS78821",57.9,-5.1525
"880","CS78823",48.3,14.45
"881","CS78824",42.27,-2.98
"882","CS78825",40.71,-3.24
"883","CS78826",42.86,-3.59
"884","CS78827",42.1,-5.44
"885","CS78828",44.56,22.56
"886","CS78829",42.31,-3.1
"887","CS78830",55.58,14.334
"888","CS78831",55.58,14.334
"889","CS78832",55.5796,14.3336
"890","CS78833",40.95,-3.31
"891","CS78834",57.75,16.6333
"892","CS78835",38.53,-8.02
"893","CS78836",42.26,-2.99
"894","CS78837",42.04,1.01
"895","CS78839",43.74,3.89
"896","CS78840",40.76,-4.01
"897","CS78841",41.95,-7.45
"898","CS78842",38.22,-7.84
"899","CS78843",42.31,-2.53
"900","CS78844",41.88,-6.51
"901","CS78845",57.7,15.8
"902","CS78846",42.8,-5.77
"903","CS78847",56.1,13.9167
"904","CS78848",39.85,-6.04
"905","CS78849",41.85,-1.88
"906","CS78850",40.5,-3.96
"907","CS78852",48.5,9.11
"908","CS78853",41.7302,-71.2825
"909","CS78854",50.65,2.99
"910","CS78855",54.6833,25.3167
"911","CS78856",54.6833,25.3167
"912","CS78858",49.7878,9.9361
"913","CS78860",38.6536,48.7992
"914","CS78861",38.6536,48.7992
"915","CS78862",38.6536,48.7992
"916","CS78864",39.8692,45.3622
"917","CS78865",39.8692,45.3622
"918","CS78866",39.8692,45.3622
"919","CS78867",39.8692,45.3622
"920","CS78868",39.8692,45.3622
"921","CS78869",55.4242,13.8484
"922","CS78870",44.38,21.22
"923","CS78871",44.23,21.71
"924","CS78873",49.3667,16.2667
"925","CS78875",49.3853,16.2544
"926","CS78876",49.3853,16.2544
"927","CS78877",49.3853,16.2544
"928","CS78878",41.85,23.13
"929","CS78879",41.85,23.13
"930","CS78880",47.3667,8.55
"931","CS78881",47.3667,8.55
"932","CS78882",45.07,18.72
"933","CS78886",41.94,2.64
"934","CS78887",42.52,-0.56
"935","CS78890",40.94,-1.37
"936","CS78891",46.3378,11.2928
"937","CS78892",46.3378,11.2928
"938","CS78893",46.3378,11.2928
"939","CS78894",51.4083,-0.6383
"940","CS78895",40.2077,-8.42639
"941","CS78896",57.3089,18.1512
"942","CS78897",51.051,13.7336
"943","CS78898",49.5955,11.0087
"944","CS78905",35,77
"945","CS78907",46.366,11.2832
"946","CS78908",46.366,11.2832
"947","CS78909",46.366,11.2832
"948","CS78910",46.366,11.2832
"949","CS78913",51.4083,-0.6383
"950","CS78914",43.28,-6.01
"951","CS78915",53.476,10.6065
"952","CS78916",51.9667,5.56667
"953","CS78917",38.35,68.48
"954","CS78923",62.02,34.12
"955","CS78924",62.02,34.12
"956","CS78926",60.4,32.09
"957","CS78927",61.59,35.11
"958","CS78928",61.59,35.11
"959","CS78929",61.57,30.63
"960","CS78930",61.94,34.24
"961","CS78931",61.94,34.24
"962","CS78932",61.37,61.37
"963","CS78938",48.02838,7.765567
"964","CS78939",48.3315333,14.72665
"965","CS78940",48.3314667,14.7158667
"966","CS78941",48.3314667,14.7158667
"967","CS78943",40.8313,-87.735
"968","CS78944",40.8313,-87.735
"969","CS78945",40.8313,-87.735
"970","CS78946",40.8313,-87.735
"971","CS78947",40.8313,-87.735
"972","CS78948",40.8313,-87.735
"973","CS78949",40.9076,-73.2089
"974","CS78950",40.9076,-73.2089
"975","CS78951",40.7777,-72.9069
"976","CS78952",40.9447,-72.8615
"977","CS78953",40.9447,-72.8615
"978","CS78954",40.9064,-73.1493
"979","CS78955",40.9064,-73.1493
"980","CS78956",40.9352,-73.114
"981","CS78957",40.9352,-73.114
"982","CS78958",41.7976,-86.6691
"983","CS78959",41.7976,-86.6691
"984","CS78960",41.8266,-86.4366
"985","CS78961",41.8266,-86.4366
"986","CS78962",41.9,-86.583
"987","CS78963",41.9,-86.583
"988","CS78964",43.3431,-86.4045
"989","CS78965",43.3431,-86.4045
"990","CS78966",41.879,-86.607
"991","CS78967",41.879,-86.607
"992","CS78968",42.405,-85.398
"993","CS78969",42.405,-85.398
"994","CS78970",42.184,-86.358
"995","CS78971",42.184,-86.358
"996","CS78972",41.847,-86.67
"997","CS78973",41.847,-86.67
"998","CS78974",41.8,-86.67
"999","CS78975",41.8,-86.67
"1000","CS78976",42.051,-86.509
"1001","CS78977",42.051,-86.509
"1002","CS78978",43.595,-86.2657
"1003","CS78979",43.595,-86.2657
"1004","CS78980",43.5251,-86.1843
"1005","CS78981",43.5251,-86.1843
"1006","CS78982",43.5356,-86.1788
"1007","CS78983",42.166,-86.412
"1008","CS78984",42.166,-86.412
"1009","CS78985",43.2483,-86.3368
"1010","CS78986",43.2483,-86.3368
"1011","CS78987",43.2749,-86.0891
"1012","CS78988",43.2749,-86.0891
"1013","CS78989",43.2749,-86.0891
"1014","CS78990",42.148,-86.431
"1015","CS78991",42.148,-86.431
"1016","CS78992",43.7623,-86.3929
"1017","CS78993",43.7623,-86.3929
"1018","CS78994",42.184,-86.382
"1019","CS78995",42.184,-86.382
"1020","CS78996",43.665,-86.496
"1021","CS78997",43.665,-86.496
"1022","CS78998",41.865,-86.646
"1023","CS78999",41.865,-86.646
"1024","CS79000",50.4,-4.9
"1025","CS79001",50.3,-4.9
"1026","CS79002",50.4,-4.7
"1027","CS79003",51.2,0.3
"1028","CS79004",51.3,1.1
"1029","CS79006",54.4,-2.9
"1030","CS79007",54.6,-3.2
"1031","CS79008",57,-3.4
"1032","CS79009",52.9,-1.3
"1033","CS79010",53.1,-3.3
"1034","CS79011",40.8585,-73.4675
"1035","CS79012",40.8585,-73.4675
"1036","CS79013",42.4489,-76.5072
"1037","CS79014",42.4489,-76.5072
"1038","CS79015",42.373,-71.0627
"1039","CS79016",42.373,-71.0627
"1040","CS79017",41.2816,-86.621
"1041","CS79018",35,77
"1042","CS79019",41.6639,-83.5553
"1043","CS79020",41.6639,-83.5553
"1044","CS79021",41.767,-72.677
"1045","CS79022",42.0333,-86.5128
"1046","CS79023",42.0333,-86.5128
"1047","CS79024",42.093,-86.359
"1048","CS79025",41.273,-86.625
"1049","CS79026",41.273,-86.625
"1050","CS79027",41.3423,-86.7368
"1051","CS79028",41.3423,-86.7368
"1052","CS79029",42.036,-86.511
"1053","CS79030",41.6862,-86.8513
"1054","CS79031",41.6862,-86.8513
"1055","CS79032",42.0945,-86.3253
"1056","CS79033",42.0945,-86.3253
"1057","CS79034",42.036,-86.511
"1058","CS79035",57.6781,14.9986
"1059","CS79036",48.3268333,14.7181667
"1060","CS79037",48.3268333,14.7181667
"1061","CS79038",48.3268333,14.7181667
