CS_Number,N Rows
CS76347,732
CS76350,732
CS76351,732
CS76352,732
CS76353,732
CS76354,732
CS76355,732
CS76356,732
CS76357,732
CS76358,732
CS76359,732
CS76360,732
CS76361,732
CS76362,732
CS76364,732
CS76365,732
CS76366,732
CS76367,732
CS76368,732
CS76369,732
CS76370,732
CS76372,732
CS76373,732
CS76374,732
CS76375,732
CS76376,732
CS76377,732
CS76378,732
CS76379,732
CS76380,732
CS76381,732
CS76382,732
CS76383,732
CS76384,732
CS76385,732
CS76387,732
CS76388,732
CS76389,732
CS76390,732
CS76391,732
CS76392,732
CS76394,732
CS76395,732
CS76398,732
CS76400,732
CS76402,732
CS76403,732
CS76404,732
CS76405,732
CS76406,732
CS76407,732
CS76409,732
CS76410,732
CS76411,732
CS76412,732
CS76413,732
CS76414,732
CS76415,732
CS76416,732
CS76417,732
CS76418,732
CS76419,732
CS76420,732
CS76423,732
CS76424,732
CS76425,732
CS76428,732
CS76429,732
CS76430,732
CS76431,732
CS76432,732
CS76433,732
CS76434,732
CS76435,732
CS76436,732
CS76437,732
CS76439,732
CS76440,732
CS76441,732
CS76442,732
CS76444,732
CS76445,732
CS76447,732
CS76449,732
CS76450,732
CS76451,732
CS76452,732
CS76453,732
CS76454,732
CS76455,732
CS76457,732
CS76459,732
CS76460,732
CS76462,732
CS76463,732
CS76464,732
CS76467,732
CS76469,732
CS76471,732
CS76472,732
CS76473,732
CS76474,732
CS76476,732
CS76477,732
CS76478,732
CS76479,732
CS76484,732
CS76485,732
CS76486,732
CS76487,732
CS76488,732
CS76489,732
CS76492,732
CS76493,732
CS76497,732
CS76500,732
CS76512,732
CS76513,732
CS76514,732
CS76515,732
CS76518,732
CS76519,732
CS76522,732
CS76524,732
CS76525,732
CS76526,732
CS76527,732
CS76528,732
CS76532,732
CS76534,732
CS76535,732
CS76537,732
CS76538,732
CS76539,732
CS76540,732
CS76541,732
CS76546,732
CS76549,732
CS76551,732
CS76552,732
CS76555,732
CS76556,732
CS76557,732
CS76560,732
CS76562,732
CS76563,732
CS76566,732
CS76567,732
CS76568,732
CS76569,732
CS76571,732
CS76572,732
CS76575,732
CS76576,732
CS76579,732
CS76580,732
CS76581,732
CS76582,732
CS76583,732
CS76590,732
CS76591,732
CS76592,732
CS76593,732
CS76594,732
CS76597,732
CS76598,732
CS76599,732
CS76601,732
CS76603,732
CS76604,732
CS76606,732
CS76607,732
CS76609,732
CS76611,732
CS76612,732
CS76614,732
CS76616,732
CS76618,732
CS76620,732
CS76621,732
CS76622,732
CS76623,732
CS76624,732
CS76625,732
CS76627,732
CS76628,732
CS76629,732
CS76630,732
CS76633,732
CS76634,732
CS76635,732
CS76640,732
CS76642,732
CS76643,732
CS76644,732
CS76645,732
CS76646,732
CS76647,732
CS76648,732
CS76649,732
CS76650,732
CS76651,732
CS76652,732
CS76653,732
CS76654,732
CS76656,732
CS76659,732
CS76660,732
CS76662,732
CS76663,732
CS76664,732
CS76665,732
CS76667,732
CS76668,732
CS76669,732
CS76670,732
CS76671,732
CS76672,732
CS76673,732
CS76674,732
CS76675,732
CS76676,732
CS76677,732
CS76678,732
CS76679,732
CS76680,732
CS76681,732
CS76682,732
CS76685,732
CS76687,732
CS76688,732
CS76689,732
CS76690,732
CS76691,732
CS76692,732
CS76693,732
CS76694,732
CS76695,732
CS76696,732
CS76697,732
CS76699,732
CS76700,732
CS76701,732
CS76702,732
CS76703,732
CS76706,732
CS76707,732
CS76709,732
CS76710,732
CS76711,732
CS76712,732
CS76713,732
CS76714,732
CS76715,732
CS76717,732
CS76718,732
CS76719,732
CS76720,732
CS76721,732
CS76722,732
CS76725,732
CS76727,732
CS76728,732
CS76729,732
CS76730,732
CS76733,732
CS76734,732
CS76736,732
CS76738,732
CS76739,732
CS76740,732
CS76741,732
CS76742,732
CS76743,732
CS76744,732
CS76745,732
CS76746,732
CS76747,732
CS76748,732
CS76749,732
CS76750,732
CS76751,732
CS76752,732
CS76754,732
CS76755,732
CS76756,732
CS76757,732
CS76758,732
CS76759,732
CS76760,732
CS76761,732
CS76762,732
CS76763,732
CS76764,732
CS76765,732
CS76767,732
CS76768,732
CS76769,732
CS76770,732
CS76771,732
CS76772,732
CS76773,732
CS76774,732
CS76776,732
CS76777,732
CS76778,732
CS76779,732
CS76780,732
CS76784,732
CS76785,732
CS76787,732
CS76789,732
CS76790,732
CS76791,732
CS76792,732
CS76793,732
CS76794,732
CS76796,732
CS76797,732
CS76798,732
CS76802,732
CS76803,732
CS76804,732
CS76805,732
CS76806,732
CS76807,732
CS76808,732
CS76809,732
CS76810,732
CS76811,732
CS76812,732
CS76813,732
CS76814,732
CS76815,732
CS76816,732
CS76817,732
CS76818,732
CS76819,732
CS76820,732
CS76822,732
CS76823,732
CS76824,732
CS76826,732
CS76827,732
CS76828,732
CS76829,732
CS76830,732
CS76831,732
CS76832,732
CS76833,732
CS76834,732
CS76835,732
CS76836,732
CS76837,732
CS76838,732
CS76840,732
CS76844,732
CS76845,732
CS76846,732
CS76847,732
CS76848,732
CS76849,732
CS76850,732
CS76851,732
CS76852,732
CS76853,732
CS76854,732
CS76855,732
CS76856,732
CS76857,732
CS76858,732
CS76859,732
CS76860,732
CS76861,732
CS76862,732
CS76863,732
CS76864,732
CS76865,732
CS76867,732
CS76868,732
CS76869,732
CS76870,732
CS76871,732
CS76872,732
CS76875,732
CS76876,732
CS76877,732
CS76878,732
CS76879,732
CS76880,732
CS76881,732
CS76882,732
CS76883,732
CS76884,732
CS76886,732
CS76887,732
CS76888,729
CS76889,732
CS76890,732
CS76891,732
CS76892,732
CS76893,732
CS76894,732
CS76895,732
CS76896,732
CS76898,732
CS76899,732
CS76900,732
CS76901,732
CS76902,732
CS76903,732
CS76904,732
CS76905,732
CS76906,732
CS76907,732
CS76908,732
CS76909,732
CS76910,732
CS76913,732
CS76914,732
CS76915,732
CS76916,732
CS76917,732
CS76918,732
CS76920,732
CS76924,732
CS76925,732
CS76926,732
CS76927,732
CS76928,732
CS76929,732
CS76930,732
CS76931,732
CS76932,732
CS76934,732
CS76935,732
CS76936,732
CS76937,732
CS76938,732
CS76940,732
CS76941,732
CS76942,732
CS76943,732
CS76944,732
CS76946,732
CS76947,732
CS76948,732
CS76950,732
CS76953,732
CS76954,732
CS76955,732
CS76957,732
CS76958,732
CS76959,732
CS76960,732
CS76961,732
CS76962,732
CS76963,732
CS76964,732
CS76965,732
CS76966,732
CS76967,732
CS76968,732
CS76969,732
CS76970,732
CS76971,732
CS76972,732
CS76973,732
CS76974,732
CS76977,732
CS76978,732
CS76979,732
CS76980,732
CS76981,732
CS76982,732
CS76983,732
CS76984,732
CS76986,732
CS76987,732
CS76990,732
CS76991,732
CS76992,732
CS76994,732
CS76996,732
CS76997,732
CS76998,732
CS76999,732
CS77000,732
CS77001,732
CS77002,732
CS77003,732
CS77004,732
CS77005,732
CS77006,732
CS77007,732
CS77008,732
CS77009,732
CS77012,732
CS77013,732
CS77014,732
CS77015,732
CS77016,732
CS77017,732
CS77018,732
CS77019,732
CS77020,732
CS77021,732
CS77023,732
CS77024,732
CS77025,732
CS77026,732
CS77028,732
CS77029,732
CS77030,732
CS77032,732
CS77033,732
CS77034,732
CS77035,732
CS77036,732
CS77038,732
CS77039,732
CS77040,732
CS77042,732
CS77043,732
CS77044,732
CS77047,732
CS77048,732
CS77049,732
CS77050,732
CS77051,732
CS77052,732
CS77054,732
CS77055,732
CS77056,732
CS77057,732
CS77058,732
CS77059,732
CS77060,732
CS77061,732
CS77062,732
CS77064,732
CS77068,732
CS77069,732
CS77070,732
CS77071,732
CS77072,732
CS77073,732
CS77074,732
CS77076,732
CS77077,732
CS77078,732
CS77079,732
CS77080,732
CS77081,732
CS77082,732
CS77083,732
CS77085,732
CS77086,732
CS77087,732
CS77088,732
CS77089,732
CS77090,732
CS77093,732
CS77094,732
CS77095,732
CS77096,732
CS77097,732
CS77098,732
CS77099,732
CS77100,732
CS77101,732
CS77102,732
CS77103,732
CS77104,732
CS77105,732
CS77107,732
CS77108,732
CS77109,732
CS77111,732
CS77113,732
CS77114,732
CS77117,732
CS77119,732
CS77121,732
CS77122,732
CS77124,732
CS77125,732
CS77126,732
CS77127,732
CS77128,732
CS77129,732
CS77130,732
CS77131,732
CS77132,732
CS77133,732
CS77134,732
CS77135,732
CS77136,732
CS77137,732
CS77139,732
CS77140,732
CS77144,732
CS77145,732
CS77146,732
CS77147,732
CS77150,732
CS77151,732
CS77152,732
CS77154,732
CS77155,732
CS77156,732
CS77158,732
CS77159,732
CS77160,732
CS77161,732
CS77162,732
CS77163,732
CS77164,732
CS77165,732
CS77166,732
CS77167,732
CS77168,732
CS77169,732
CS77171,732
CS77172,732
CS77173,732
CS77174,732
CS77175,732
CS77176,732
CS77177,732
CS77178,732
CS77179,732
CS77181,732
CS77183,732
CS77184,732
CS77187,732
CS77189,732
CS77190,732
CS77191,732
CS77192,732
CS77194,732
CS77195,732
CS77196,732
CS77197,732
CS77198,732
CS77200,732
CS77202,732
CS77203,732
CS77204,732
CS77206,732
CS77207,732
CS77208,732
CS77209,732
CS77210,732
CS77211,732
CS77213,732
CS77214,732
CS77215,732
CS77216,732
CS77217,732
CS77218,732
CS77219,732
CS77223,732
CS77224,732
CS77225,732
CS77226,732
CS77229,732
CS77230,732
CS77231,732
CS77232,732
CS77233,732
CS77236,732
CS77237,732
CS77239,732
CS77240,732
CS77242,732
CS77243,732
CS77244,732
CS77245,732
CS77246,732
CS77247,732
CS77248,732
CS77249,732
CS77250,732
CS77251,732
CS77252,732
CS77254,732
CS77255,732
CS77257,732
CS77258,732
CS77259,732
CS77260,732
CS77263,732
CS77264,732
CS77265,732
CS77266,732
CS77267,732
CS77268,732
CS77269,732
CS77271,732
CS77272,732
CS77273,732
CS77274,732
CS77275,732
CS77276,732
CS77277,732
CS77278,732
CS77279,732
CS77280,732
CS77281,732
CS77283,732
CS77284,732
CS77285,732
CS77287,732
CS77288,732
CS77289,732
CS77290,732
CS77291,732
CS77292,732
CS77293,732
CS77294,732
CS77295,732
CS77296,732
CS77297,732
CS77298,732
CS77299,732
CS77300,732
CS77301,732
CS77302,732
CS77303,732
CS77304,732
CS77305,732
CS77306,732
CS77307,732
CS77308,732
CS77309,732
CS77310,732
CS77311,732
CS77313,732
CS77315,732
CS77316,732
CS77317,732
CS77318,732
CS77319,732
CS77320,732
CS77321,732
CS77322,732
CS77323,732
CS77324,732
CS77325,732
CS77326,732
CS77327,732
CS77328,732
CS77329,732
CS77330,732
CS77331,732
CS77332,732
CS77333,732
CS77335,732
CS77336,732
CS77337,732
CS77338,732
CS77339,732
CS77340,732
CS77342,732
CS77343,732
CS77344,732
CS77345,732
CS77347,732
CS77348,732
CS77349,732
CS77350,732
CS77351,732
CS77352,732
CS77353,732
CS77354,732
CS77355,732
CS77356,732
CS77357,732
CS77358,732
CS77359,732
CS77361,732
CS77362,732
CS77363,732
CS77364,732
CS77365,732
CS77366,732
CS77367,732
CS77368,732
CS77370,732
CS77371,732
CS77372,732
CS77373,732
CS77374,732
CS77375,732
CS77376,732
CS77377,732
CS77378,732
CS77379,732
CS77380,732
CS77381,732
CS77382,732
CS77383,732
CS77384,732
CS77385,732
CS77386,732
CS77387,732
CS77389,732
CS77391,732
CS77392,732
CS77393,732
CS77394,732
CS77395,732
CS77396,732
CS77397,732
CS77398,732
CS77399,732
CS77636,732
CS77643,732
CS77651,732
CS77658,732
CS77732,732
CS77906,732
CS77913,732
CS78000,732
CS78009,732
CS78030,732
CS78033,732
CS78035,732
CS78039,732
CS78040,732
CS78045,732
CS78060,732
CS78064,732
CS78079,732
CS78121,732
CS78367,732
CS78552,732
CS78659,732
CS78767,732
CS78768,732
CS78769,732
CS78770,732
CS78771,732
CS78772,732
CS78774,732
CS78775,732
CS78776,732
CS78777,732
CS78778,732
CS78780,732
CS78781,732
CS78782,732
CS78783,732
CS78784,732
CS78785,732
CS78787,732
CS78789,732
CS78790,732
CS78794,732
CS78797,732
CS78798,732
CS78801,732
CS78802,732
CS78803,732
CS78804,732
CS78805,732
CS78806,732
CS78807,732
CS78808,732
CS78809,732
CS78810,732
CS78811,732
CS78812,732
CS78815,732
CS78816,732
CS78819,732
CS78820,732
CS78821,732
CS78823,732
CS78824,732
CS78825,732
CS78826,732
CS78827,732
CS78828,732
CS78829,732
CS78830,732
CS78831,732
CS78832,732
CS78833,732
CS78834,732
CS78835,732
CS78836,732
CS78837,732
CS78839,732
CS78840,732
CS78841,732
CS78842,732
CS78843,732
CS78844,732
CS78845,732
CS78846,732
CS78847,732
CS78848,732
CS78849,732
CS78850,732
CS78852,732
CS78853,732
CS78854,732
CS78855,732
CS78856,732
CS78858,732
CS78860,732
CS78861,732
CS78862,732
CS78864,732
CS78865,732
CS78866,732
CS78867,732
CS78868,732
CS78869,732
CS78870,732
CS78871,732
CS78873,732
CS78875,732
CS78876,732
CS78877,732
CS78878,732
CS78879,732
CS78880,732
CS78881,732
CS78882,732
CS78886,732
CS78887,732
CS78890,732
CS78891,732
CS78892,732
CS78893,732
CS78894,732
CS78895,732
CS78896,732
CS78897,732
CS78898,732
CS78905,732
CS78907,732
CS78908,732
CS78909,732
CS78910,732
CS78913,732
CS78914,732
CS78915,732
CS78916,732
CS78917,732
CS78923,732
CS78924,732
CS78926,732
CS78927,732
CS78928,732
CS78929,732
CS78930,732
CS78931,732
CS78932,732
CS78938,732
CS78939,732
CS78940,732
CS78941,732
CS78943,732
CS78944,732
CS78945,732
CS78946,732
CS78947,732
CS78948,732
CS78949,732
CS78950,732
CS78951,732
CS78952,732
CS78953,732
CS78954,732
CS78955,732
CS78956,732
CS78957,732
CS78958,732
CS78959,732
CS78960,732
CS78961,732
CS78962,732
CS78963,732
CS78964,732
CS78965,732
CS78966,732
CS78967,732
CS78968,732
CS78969,732
CS78970,732
CS78971,732
CS78972,732
CS78973,732
CS78974,732
CS78975,732
CS78976,732
CS78977,732
CS78978,732
CS78979,732
CS78980,732
CS78981,732
CS78982,732
CS78983,732
CS78984,732
CS78985,732
CS78986,732
CS78987,732
CS78988,732
CS78989,732
CS78990,732
CS78991,732
CS78992,732
CS78993,732
CS78994,732
CS78995,732
CS78996,732
CS78997,732
CS78998,732
CS78999,732
CS79000,732
CS79001,732
CS79002,732
CS79003,732
CS79004,732
CS79006,732
CS79007,732
CS79008,732
CS79009,732
CS79010,732
CS79011,732
CS79012,732
CS79013,732
CS79014,732
CS79015,732
CS79016,732
CS79017,732
CS79018,732
CS79019,732
CS79020,732
CS79021,732
CS79022,732
CS79023,732
CS79024,732
CS79025,732
CS79026,732
CS79027,732
CS79028,732
CS79029,732
CS79030,732
CS79031,732
CS79032,732
CS79033,732
CS79034,732
CS79035,732
CS79036,732
CS79037,732
CS79038,732
